RD112233,Rajib,Dey,rd@yahoo.com,101,7,A
PP112233,Polash,Paul,pp@yahoo.com,102,12,A
LV607IU4,Tildie,Blackwood,tblackwood0@slashdot.org,102,7,C
XR8FPQ7M,Pippa,Bradbrook,pbradbrook1@studiopress.com,102,25,B
VB8OA61R,Malia,Drohun,mdrohun2@sourceforge.net,102,21,A
1F6QMDH8,Dollie,Elcom,delcom3@about.com,101,6,C
XFQPIL7H,Cathe,Burdekin,cburdekin4@nyu.edu,101,5,B
CX5FTY3M,Ettore,Whitmore,ewhitmore5@pen.io,101,12,B
NRFEX7CZ,Abraham,Glazer,aglazer6@nyu.edu,103,19,A
GV1QXN69,Larina,Bulle,lbulle7@forbes.com,101,25,B
WQ7AL6FP,Lizzie,Inglefield,linglefield8@smugmug.com,103,24,A
7IKZHF2J,Brendis,Sheryne,bsheryne9@google.com.hk,102,27,C
U3QHDK6O,Haleigh,Foskett,hfosketta@webmd.com,103,16,A
9AD0XJ1Z,Elbertina,Hartzenberg,ehartzenbergb@google.co.uk,103,23,C
HM8FVD6A,Bernadene,Thyer,bthyerc@google.ca,103,6,B
YNSF9A1Z,Sande,Vasilkov,svasilkovd@fastcompany.com,102,11,B
WISN23HF,Dulce,Giorgi,dgiorgie@mac.com,101,10,B
BIEC07PV,Freemon,Chadwell,fchadwellf@sciencedaily.com,103,16,C
2N9LITAF,Sigrid,Yeowell,syeowellg@so-net.ne.jp,102,26,C
ZI8EJOXD,Gibb,Shephard,gshephardh@sphinn.com,102,22,B
MF2BDIS4,Nataline,Yanov,nyanovi@reference.com,102,21,C
FOLI9UMQ,Dulcia,Moneypenny,dmoneypennyj@ameblo.jp,101,22,C
8NBYOT5V,Harrison,Atton,hattonk@yahoo.com,103,14,A
UVFQH2WL,Anselma,Witterick,awitterickl@wikimedia.org,101,16,B
951PA2TJ,Welch,Thominga,wthomingam@mtv.com,102,10,C
HFZUTS48,Cheryl,Austins,caustinsn@nyu.edu,102,9,A
PW96UKL1,Katleen,Anthill,kanthillo@squarespace.com,103,5,B
I4FOPNRS,Orbadiah,Manton,omantonp@salon.com,101,21,B
U42L3RGS,Collette,Ind,cindq@ftc.gov,101,10,B
LTCD7HRS,Vernen,Kremer,vkremerr@reddit.com,101,15,B
2PHTQF4J,Mendel,Giacomasso,mgiacomassos@alexa.com,102,11,C
1O4PWHBG,Skipton,Malinson,smalinsont@hc360.com,103,6,A
N5RYMGX1,Arleta,Pickthorne,apickthorneu@nasa.gov,101,21,A
829N1DFX,Sianna,Youings,syouingsv@posterous.com,103,23,C
OJV3QPK8,Lidia,Hofton,lhoftonw@geocities.com,102,18,B
31QBH4LE,Talbert,Beddoe,tbeddoex@goodreads.com,102,22,B
A5IQP3EM,Putnam,Warrington,pwarringtony@archive.org,103,25,B
UJ64E51O,Dannye,Gilloran,dgilloranz@mozilla.org,103,24,C
LGB83UQF,Elvina,Compford,ecompford10@google.it,102,25,A
R3YBVASF,Veronica,Grunnill,vgrunnill11@wikispaces.com,101,19,C
E8HQX0G4,Mireielle,Govini,mgovini12@google.pl,103,10,C
QOGU94K8,Marsiella,Mordanti,mmordanti13@tuttocitta.it,103,21,C
9WEQSOUR,Aldus,Addicott,aaddicott14@digg.com,103,12,A
BF3RCWA2,Austina,Skylett,askylett15@house.gov,103,13,A
AFNH9RPW,Farley,Decent,fdecent16@reuters.com,102,24,C
VIBHD9AF,Mathilde,Spenton,mspenton17@scientificamerican.com,102,9,C
18LFNXP2,Lara,Turri,lturri18@wikia.com,102,16,B
V15YDQF3,Kalil,Ridolfi,kridolfi19@free.fr,102,11,B
PWOR0VIY,Justus,De Caroli,jdecaroli1a@arstechnica.com,103,4,C
O5A2RYS8,Zondra,Forsdike,zforsdike1b@marketwatch.com,101,25,C
QSRKU65W,Francoise,Sheals,fsheals1c@xrea.com,103,17,C
6TICA2KO,Ryun,Cosslett,rcosslett1d@bigcartel.com,101,5,C
GCIBOP1H,Filide,Wilkins,fwilkins1e@vkontakte.ru,101,7,B
EZJRIV6G,Hobard,Dawidsohn,hdawidsohn1f@redcross.org,103,20,B
S9QA6FJI,Dorrie,Chessum,dchessum1g@i2i.jp,102,23,C
MLROZXVS,Blanca,Lies,blies1h@gravatar.com,101,25,B
RAPE3NTY,Florri,Coggan,fcoggan1i@blogspot.com,103,17,B
F43Q9XW2,Vilhelmina,Bloys,vbloys1j@smh.com.au,102,22,B
RF3XPWCB,Cathee,Measen,cmeasen1k@twitter.com,103,26,C
BZCPKQVJ,Maybelle,Vitall,mvitall1l@hugedomains.com,103,2,A
GRZWO0AC,Floyd,Grenshiels,fgrenshiels1m@comcast.net,101,26,A
X9IGD0UT,Nessy,Sheach,nsheach1n@imgur.com,103,23,C
UEBXMZAY,Domenic,Shakespeare,dshakespeare1o@wunderground.com,103,13,B
80BSKTG9,Wynn,Baelde,wbaelde1p@ucla.edu,103,14,B
DL0AYG1C,Amelina,Ricardon,aricardon1q@dyndns.org,101,20,A
9SOUW6T0,Nicko,Postan,npostan1r@cnbc.com,103,15,B
85JQ0SON,Tonia,Tripney,ttripney1s@answers.com,103,7,A
MNILAWG5,Alexandre,Cunniff,acunniff1t@elpais.com,103,11,A
ME0BG3R6,Cami,Linturn,clinturn1u@blogs.com,103,2,C
QLGVJRCO,Thorstein,Usher,tusher1v@diigo.com,103,2,B
INB280D1,Christie,Plait,cplait1w@theguardian.com,103,22,B
3HOZD9Q4,Marena,Fisby,mfisby1x@jimdo.com,103,23,B
EGFY57O2,Tracie,Donan,tdonan1y@wikispaces.com,103,13,B
SDFKOC7L,Jenelle,Seatter,jseatter1z@bandcamp.com,102,10,C
5PNBVW1U,Zilvia,Jeggo,zjeggo20@bloglovin.com,102,22,B
XLKOTJDS,Tynan,De La Hay,tdelahay21@cnn.com,102,24,B
ZV4RW75E,Dex,Niblo,dniblo22@cocolog-nifty.com,101,8,B
OR2PZ681,Monty,Annand,mannand23@cocolog-nifty.com,103,18,B
SXNK4RHO,Jammie,Davies,jdavies24@google.nl,102,22,C
ZFP2HVQC,Gwenora,McNeil,gmcneil25@networksolutions.com,101,8,A
YT1IVOJG,Ashlie,Staunton,astaunton26@theguardian.com,101,16,A
HWCNK798,Celene,Gayter,cgayter27@japanpost.jp,102,5,C
YBH3984M,Annabella,Seymark,aseymark28@ibm.com,101,14,A
6C7YKTB0,Ganny,Canon,gcanon29@virginia.edu,103,21,C
DWCSGITV,Moss,Iiannone,miiannone2a@uol.com.br,101,24,B
LAYDPI5H,Bartlet,Henric,bhenric2b@wp.com,103,17,A
TNCX4RDH,Obadiah,Beran,oberan2c@pcworld.com,103,23,C
FV5HXYMB,Stacy,MacGaughey,smacgaughey2d@sbwire.com,103,6,C
8KRTX23C,Ronnica,Harhoff,rharhoff2e@go.com,102,14,B
2DV1WFOE,Nikoletta,Saunderson,nsaunderson2f@techcrunch.com,102,10,A
F7RS6G42,Leelah,Siret,lsiret2g@merriam-webster.com,103,24,A
8MFSZL26,Esdras,Cowap,ecowap2h@apache.org,103,5,B
3JTORX74,Delia,Hebson,dhebson2i@cdc.gov,101,18,B
3ESC570Q,Bobbie,Tregea,btregea2j@webs.com,103,15,C
CX9VFNAW,Austine,Lewsam,alewsam2k@nhs.uk,101,18,C
6X8RQI0C,Valli,Gascoyne,vgascoyne2l@yale.edu,103,15,B
WNB4Z36F,Joscelin,Possell,jpossell2m@nhs.uk,102,22,A
VJ81FQZ0,Vick,Friedenbach,vfriedenbach2n@usgs.gov,102,22,C
QFVY6HRG,Jorrie,Dugdale,jdugdale2o@hhs.gov,102,9,A
T6QNX25M,Gayle,McVeighty,gmcveighty2p@latimes.com,101,26,B
JDCIHESV,Dagny,Beall,dbeall2q@biblegateway.com,101,8,C
SGTIROYB,Rosana,Locksley,rlocksley2r@yale.edu,103,16,A
GCDBQ546,Obediah,Klemensiewicz,oklemensiewicz2s@chicagotribune.com,103,7,C
LQE2RTZG,Bonni,Feavers,bfeavers2t@last.fm,103,19,B
YHWQRLBU,Myrilla,Slograve,mslograve2u@amazon.com,102,4,C
H90W1ZQK,Rozelle,Traise,rtraise2v@java.com,101,5,C
P1QO2TRY,Rhea,Barczynski,rbarczynski2w@salon.com,101,26,B
4DG6CN03,Christopher,Spinney,cspinney2x@guardian.co.uk,103,5,B
1KFOBXY2,Killian,Chamberlain,kchamberlain2y@nymag.com,103,24,C
AZJSF5GV,Stephanus,Thyng,sthyng2z@redcross.org,103,13,C
TH8XACQR,Gherardo,Gorch,ggorch30@blogtalkradio.com,101,26,C
W2NI38YR,Holly,Balstone,hbalstone31@imageshack.us,102,23,C
BYEDKT3M,Lena,Guite,lguite32@hugedomains.com,102,17,C
RJAP3OL8,Dela,Parmeter,dparmeter33@domainmarket.com,103,24,C
496P23BE,Pat,Elecum,pelecum34@rediff.com,102,25,C
VRYZCEFD,Maurise,Daffey,mdaffey35@yahoo.co.jp,103,2,B
4NZ7EQAB,Dallas,Knivett,dknivett36@free.fr,101,4,C
W4EAYTLV,Casandra,Jakucewicz,cjakucewicz37@comcast.net,103,9,A
EG7YWZO5,Alys,Maciocia,amaciocia38@abc.net.au,101,11,A
B379O8N0,Al,Baccup,abaccup39@slideshare.net,103,11,A
4NWUD6QZ,Paxton,Harkins,pharkins3a@prweb.com,102,10,C
JV2NC89B,Florrie,Welton,fwelton3b@google.cn,101,21,A
37LXOU4Z,Berty,Janse,bjanse3c@wp.com,103,10,B
DEVUJAGC,Emelina,Naulls,enaulls3d@tiny.cc,103,2,A
ANLY5H3J,Falito,Bisatt,fbisatt3e@ftc.gov,102,15,B
9E6LAUIN,Kyle,Kimblen,kkimblen3f@mail.ru,101,23,B
6OCXZ4GN,Derry,Lesmonde,dlesmonde3g@cbsnews.com,102,23,C
47Y501JA,Tanitansy,Fishpond,tfishpond3h@intel.com,101,4,A
1L9AV6M2,Danit,Roman,droman3i@stumbleupon.com,101,20,C
EV1XC2IO,Annaliese,Longhurst,alonghurst3j@people.com.cn,102,26,B
NUFC2A3T,Bartholomew,Doog,bdoog3k@harvard.edu,102,7,C
05JXF691,Mahalia,Besemer,mbesemer3l@theglobeandmail.com,103,13,B
RQI7P1TO,Gerri,Huffadine,ghuffadine3m@zdnet.com,103,12,A
IZ6HXREM,Max,Warratt,mwarratt3n@qq.com,103,5,B
ON4F3RD9,Shawn,O'Shesnan,soshesnan3o@1und1.de,103,8,B
V1UGT73P,Tessie,Gready,tgready3p@google.pl,101,3,B
U4RWBP16,Murdock,Esom,mesom3q@answers.com,103,9,C
SPHCJRO5,Llewellyn,Vatcher,lvatcher3r@hhs.gov,101,15,C
M421XW6L,Shaun,Ridsdale,sridsdale3s@theglobeandmail.com,103,12,B
J0DHCU5B,Daniele,Mannagh,dmannagh3t@skype.com,103,8,B
UZR128Q0,Briny,Crotty,bcrotty3u@spiegel.de,101,9,A
QGUYRCS4,Adolpho,Prothero,aprothero3v@homestead.com,102,13,C
B48LAFSR,Nert,Mussard,nmussard3w@acquirethisname.com,103,27,B
02E6VXKN,Frances,Treadaway,ftreadaway3x@ucla.edu,102,9,A
J7QHG9LY,Terrijo,Salvadori,tsalvadori3y@newyorker.com,101,11,C
Q2DYVJTB,Laura,Gookey,lgookey3z@joomla.org,101,6,C
3AWFHZCQ,Lon,Kernoghan,lkernoghan40@smh.com.au,102,20,C
5X73MNZ1,Gabriel,Lanney,glanney41@chicagotribune.com,103,11,B
VD3FMBR5,Aylmar,Waldocke,awaldocke42@ameblo.jp,102,19,A
INOFACRP,Rania,Bellee,rbellee43@webs.com,102,12,C
KLUXYWF8,Selena,Speares,sspeares44@epa.gov,103,13,B
JG4LDCTU,Cybill,Rymmer,crymmer45@independent.co.uk,103,12,C
ZL8ON4W5,Ibby,Rahill,irahill46@cnn.com,102,5,B
HE239VI6,Lolly,Merritt,lmerritt47@simplemachines.org,101,25,A
C8JVDKT1,Quintus,Whight,qwhight48@google.cn,102,10,C
Y93UKXEA,Ev,Gellert,egellert49@moonfruit.com,101,20,B
GV168PH4,Pepi,Gange,pgange4a@bloglines.com,103,27,A
63ZJBSAN,Krissie,Bowness,kbowness4b@ft.com,102,13,B
HMQREPXO,Delila,Le Batteur,dlebatteur4c@utexas.edu,103,24,A
DIMVJ80A,Alessandro,Thorsen,athorsen4d@github.io,101,18,B
98NQIKPU,Russ,Goakes,rgoakes4e@cdc.gov,101,11,C
20S8NUDM,Hanna,Basterfield,hbasterfield4f@desdev.cn,103,24,A
WCARS29O,Ambur,Blant,ablant4g@51.la,101,15,C
5EHAJY8Q,Uta,Bernardini,ubernardini4h@miitbeian.gov.cn,102,1,B
K6A9VRUW,Judye,Offener,joffener4i@epa.gov,103,3,C
WUZ0358T,Natalya,Glas,nglas4j@squidoo.com,101,16,C
HCOD0FEK,Wyatan,Chiese,wchiese4k@mozilla.org,101,20,B
LWPZIF32,Alexine,Sudron,asudron4l@xinhuanet.com,101,1,A
G8DT42U6,Whittaker,Boldry,wboldry4m@ow.ly,101,12,A
ABJ7I0F9,Alexandrina,Lamdin,alamdin4n@blogs.com,102,26,C
HYT0NBOJ,Christie,Helleckas,chelleckas4o@house.gov,101,4,B
U9BEITJ4,Olin,Capponeer,ocapponeer4p@theatlantic.com,103,19,A
YZP138BM,Carine,Bennison,cbennison4q@census.gov,102,19,A
21ZDAHF6,Roselin,Askam,raskam4r@blog.com,102,4,C
3ZA4XPTO,Bendite,Fewless,bfewless4s@ucla.edu,103,16,A
69ZLFTGB,Corie,Tithecote,ctithecote4t@istockphoto.com,103,9,A
ZNDIK63M,Bar,Polini,bpolini4u@illinois.edu,101,24,C
XB5CZLR4,Elbert,Blemings,eblemings4v@webs.com,101,9,A
D5X4W03B,Emilia,Avrahamian,eavrahamian4w@cdbaby.com,103,27,A
DWK9P07R,Lilas,Bolding,lbolding4x@dion.ne.jp,102,6,C
CWE03QA5,Terrill,Doogue,tdoogue4y@vkontakte.ru,101,6,C
15PQGBC6,Che,Tomkowicz,ctomkowicz4z@google.pl,102,9,B
BNQ5FKSX,Ilise,Bonas,ibonas50@cbc.ca,103,14,B
XN5UZ07M,Netti,Dowdle,ndowdle51@addthis.com,103,21,A
OAXD73BV,Archy,Michiel,amichiel52@lycos.com,103,12,C
IJ3BKGCM,Cookie,Carren,ccarren53@w3.org,101,25,C
P6G4LT1H,Davita,Fardoe,dfardoe54@smugmug.com,102,12,A
DZTJ6H2B,Bianka,Doret,bdoret55@apple.com,103,14,B
VPC8TWO0,Samuele,Bailey,sbailey56@ycombinator.com,103,17,B
MK5VS47G,Lindsay,Dimnage,ldimnage57@amazon.de,103,2,B
EA6Z5UML,Genny,Bree,gbree58@dailymail.co.uk,103,18,A
RKSQ18PU,Winfred,Kneel,wkneel59@unesco.org,102,15,A
M1XOQ0HI,Elset,Inkpen,einkpen5a@barnesandnoble.com,101,1,C
GB7E2TPV,Whitney,Gregorin,wgregorin5b@ucla.edu,101,16,C
F9XUCVRY,Sybilla,Danielot,sdanielot5c@mediafire.com,101,18,B
NTADIFO8,Joanne,Vankeev,jvankeev5d@timesonline.co.uk,101,18,B
LHMAPOFX,Zach,Tenny,ztenny5e@businessweek.com,103,5,B
RDMP89JO,Holden,Pill,hpill5f@123-reg.co.uk,101,7,A
C036XI2E,Dewie,Tomadoni,dtomadoni5g@slate.com,103,14,A
3KJG6A7O,Timothy,Lorain,tlorain5h@ow.ly,101,25,B
4W7P6IX9,Lorianna,Speechly,lspeechly5i@e-recht24.de,101,26,A
O2C7SMHF,Tine,Purrier,tpurrier5j@dmoz.org,102,10,B
K1XUGE7Q,Pauli,Hein,phein5k@comsenz.com,103,3,C
XAFOHQJU,Eadie,Mazzilli,emazzilli5l@wp.com,103,9,B
OR7VAYM6,Kit,Podd,kpodd5m@csmonitor.com,103,21,A
U1W94RCO,Corabella,Peddel,cpeddel5n@ucoz.com,101,27,C
XO0P9SC5,Ida,Clardge,iclardge5o@rakuten.co.jp,101,9,C
34HQ9BGL,Jeanne,Morsey,jmorsey5p@ox.ac.uk,101,25,A
ZCH78XDT,Salmon,Farress,sfarress5q@naver.com,102,22,A
9JO54F2Q,Pearl,Strippling,pstrippling5r@trellian.com,102,26,A
XEJY1QW5,Brinna,Valentino,bvalentino5s@163.com,103,13,B
TMUFAQ9E,Davidde,Speed,dspeed5t@europa.eu,102,5,B
JMN2I5K9,Alvina,Slym,aslym5u@slate.com,101,23,B
1J20V3US,Jocko,Beric,jberic5v@goodreads.com,103,8,B
SCUVYQIL,Tracee,Ruvel,truvel5w@amazonaws.com,101,1,B
04L3TBUE,Godiva,Yanov,gyanov5x@hhs.gov,102,11,C
J7K05L61,Portia,Simionescu,psimionescu5y@ftc.gov,103,11,A
BIKCUNOS,Boigie,Scogin,bscogin5z@theatlantic.com,102,15,C
RH7DQMTC,Brodie,Schankelborg,bschankelborg60@paginegialle.it,103,7,A
2PGKYDU7,Katharine,Epton,kepton61@elegantthemes.com,101,15,A
S8Y0L2HT,Garrick,Messent,gmessent62@apple.com,103,26,B
9Y6UG0M2,Tadd,Charkham,tcharkham63@dedecms.com,101,27,C
MACSWG10,Howey,Southan,hsouthan64@wikispaces.com,101,23,C
MKPD37BC,Charin,McCluney,cmccluney65@wunderground.com,101,26,A
PZK6ULGF,Rochella,Sommerville,rsommerville66@dailymotion.com,103,6,A
57AZ4VQ8,Nathaniel,Shakshaft,nshakshaft67@php.net,101,16,A
IS2LTEO9,Jermaine,Wing,jwing68@cam.ac.uk,102,25,A
B5A4R3WD,Gearalt,Santori,gsantori69@google.pl,101,11,B
9NKVHABY,Madelaine,Scamp,mscamp6a@storify.com,101,27,A
UO2JT5YH,Modesty,Tryhorn,mtryhorn6b@pen.io,102,11,A
XGKD7NEF,Rivi,McCourt,rmccourt6c@dot.gov,103,6,C
AFMTQRWN,Ian,Gudyer,igudyer6d@lycos.com,101,3,A
P3VM96AD,Kirsteni,Matzen,kmatzen6e@thetimes.co.uk,102,11,C
K93MTIZC,Wallis,Battersby,wbattersby6f@bravesites.com,103,20,A
AWCT5YBS,Roxana,Ibarra,ribarra6g@businessweek.com,101,1,B
3174MRFL,Brooke,Nulty,bnulty6h@independent.co.uk,103,20,C
Y039QLFS,Felipa,Kelk,fkelk6i@un.org,102,7,B
PHWGIB62,Chandler,Wilkisson,cwilkisson6j@auda.org.au,102,20,C
2HZQ4IJS,Aylmer,Jerdan,ajerdan6k@woothemes.com,101,24,B
G4XWN5T2,Etty,Savatier,esavatier6l@sciencedaily.com,102,1,B
61QFHYRO,Pauli,Rugieri,prugieri6m@illinois.edu,103,13,B
LHB1REDO,Delaney,Ridsdell,dridsdell6n@joomla.org,101,17,A
AK4ORDW9,Aubry,Stickney,astickney6o@over-blog.com,103,20,A
WL72JTPY,Pascale,Plail,pplail6p@photobucket.com,103,13,B
E952INJW,Drucie,Casale,dcasale6q@hostgator.com,101,3,C
35I0GMYU,Luis,Frediani,lfrediani6r@pinterest.com,101,6,C
FMUZKAX6,Lotte,Feltham,lfeltham6s@sun.com,101,12,B
O6FNRLTS,Caryn,Cunnell,ccunnell6t@upenn.edu,103,14,C
3QJOK54X,Gray,Perico,gperico6u@ask.com,101,15,B
TQXCWO4S,Rikki,McIlmorie,rmcilmorie6v@vkontakte.ru,103,4,B
JPWC93XD,Doyle,Barefoot,dbarefoot6w@sourceforge.net,102,16,A
UIZB8OM2,Muire,MacGibbon,mmacgibbon6x@salon.com,103,24,B
9FQWDOKP,Erica,Champney,echampney6y@tmall.com,103,12,A
9GMZQR5F,Hollyanne,Sired,hsired6z@intel.com,103,13,B
I2DTS3UO,Carole,Flannery,cflannery70@github.com,102,1,A
THCOLNIS,Curt,Grimbaldeston,cgrimbaldeston71@diigo.com,102,21,A
K5PDLMI8,Rhett,Martynov,rmartynov72@foxnews.com,102,19,A
LI0A2TZP,Tandi,Andresser,tandresser73@newyorker.com,103,25,A
BRPCWMAO,Glyn,Dormand,gdormand74@zimbio.com,102,5,A
3WDMIOF8,Josey,Vawton,jvawton75@github.io,103,26,B
6B1F9D8Y,Jenilee,Isaksson,jisaksson76@weibo.com,101,1,A
GEA2SBQ5,Ernaline,Garrow,egarrow77@livejournal.com,101,3,C
30FIYHR2,Darelle,Aherne,daherne78@google.nl,103,12,B
AF64P8E9,Ethel,Node,enode79@wordpress.com,103,7,C
0ID5S7FA,Rhea,Greensted,rgreensted7a@wikispaces.com,103,20,B
W9CRU05J,Gaynor,Kollach,gkollach7b@bizjournals.com,103,10,C
72NYT3XQ,Laurene,Greenough,lgreenough7c@latimes.com,102,22,C
N4X2E9Q3,Therine,Endrizzi,tendrizzi7d@dedecms.com,102,24,C
LSW0AKCY,Abbe,Wrench,awrench7e@psu.edu,102,10,C
KB3QG2C6,Jacinthe,Freake,jfreake7f@reverbnation.com,101,6,B
KAP2N0T5,Evangelina,Bugs,ebugs7g@i2i.jp,102,5,C
1K58J9TL,Abie,Osorio,aosorio7h@naver.com,101,18,B
2H8IQNXM,Philippe,Clausner,pclausner7i@cloudflare.com,103,21,B
52MWCEVH,Hobart,Cartlidge,hcartlidge7j@dropbox.com,103,15,B
NE1R07TP,Griz,Weatherhogg,gweatherhogg7k@springer.com,102,14,B
NJIODL5K,Caritta,Allender,callender7l@rambler.ru,103,16,C
96GLEI1J,Chrotoem,Carpmile,ccarpmile7m@histats.com,103,19,B
V24GINBR,Gus,MacGragh,gmacgragh7n@google.com,103,12,A
DZIC3ERP,Jess,Hambly,jhambly7o@jiathis.com,101,20,A
LPVJQ1MK,Maryanne,Francie,mfrancie7p@list-manage.com,102,18,C
N0CTW174,Sumner,Gossage,sgossage7q@ucsd.edu,102,2,C
CPX08HRA,Mariya,Spieck,mspieck7r@springer.com,103,20,B
SLNCRAKX,Shell,Van Brug,svanbrug7s@live.com,102,22,C
2O1N6XBI,Alicia,Miettinen,amiettinen7t@dedecms.com,101,2,A
9I74VKM0,Lisbeth,Moyce,lmoyce7u@dailymotion.com,103,22,C
VSH6O0RB,Jolene,Le Barre,jlebarre7v@latimes.com,102,22,B
NWXLDRCH,Florentia,Serjent,fserjent7w@newyorker.com,103,5,B
U60AC8P2,Byran,Rhoades,brhoades7x@amazon.co.uk,102,2,A
0RQ2BHMF,Brunhilde,Stave,bstave7y@surveymonkey.com,101,2,C
2QG3H40U,Thorvald,Lovewell,tlovewell7z@go.com,103,19,C
63XICJQT,Roarke,Restall,rrestall80@usnews.com,102,26,B
9D5RZMPQ,Sorcha,Kloss,skloss81@drupal.org,101,2,B
1ZPBCRJD,Layne,Dorant,ldorant82@google.com.hk,101,24,A
HMOZ7JIR,Mimi,Mandrake,mmandrake83@shop-pro.jp,102,8,B
3X1F4W9M,Teirtza,Ballach,tballach84@reddit.com,101,22,C
CF9XZJPY,Donny,Bossel,dbossel85@icq.com,103,10,A
I5HSGFDU,Walliw,Alvarado,walvarado86@cpanel.net,101,1,C
RTJK7MQD,Winnie,Eannetta,weannetta87@ucsd.edu,101,8,A
51LQUGM9,Zenia,Dwire,zdwire88@altervista.org,103,23,B
GD7Y5J6Q,Beulah,Philbin,bphilbin89@nsw.gov.au,103,19,B
C0ZJGHN3,Denice,Kleiner,dkleiner8a@archive.org,103,4,C
2J1AE59G,Mabel,Crisford,mcrisford8b@elegantthemes.com,103,21,C
6RSCZ4NP,Corbie,Palatino,cpalatino8c@mit.edu,103,23,B
2ADBHE3U,Lutero,Shrimplin,lshrimplin8d@spiegel.de,101,2,B
KHI8M79G,Krishnah,Waddoups,kwaddoups8e@symantec.com,103,1,C
AKCS0MUX,Faun,Lattka,flattka8f@alibaba.com,103,8,B
1XY2BR7K,Basilius,Ewebank,bewebank8g@usatoday.com,103,2,C
1RY5MEUZ,Loralie,Vawton,lvawton8h@about.me,101,13,C
VL73WDFR,Tomi,Lesly,tlesly8i@blog.com,102,10,C
6AU1SCMG,Darell,Drakeley,ddrakeley8j@cdc.gov,103,26,A
NLCWA052,Obadiah,Haythornthwaite,ohaythornthwaite8k@yellowpages.com,102,15,A
4JU1GBLC,Osbourn,Kepling,okepling8l@yahoo.co.jp,102,22,B
7NLZBKGD,Rand,Allaker,rallaker8m@nhs.uk,103,1,B
OAHTCLXI,Aubrey,Rosle,arosle8n@delicious.com,102,26,A
Y06VERBX,Jenn,Sandwith,jsandwith8o@diigo.com,102,6,B
MT4E05Q7,Lodovico,Silcox,lsilcox8p@thetimes.co.uk,102,24,C
83VKCZIX,Abel,Hudson,ahudson8q@foxnews.com,103,14,A
T3P9V682,Lon,Bubb,lbubb8r@livejournal.com,101,12,B
UH9ZSP62,Bruno,Jeness,bjeness8s@is.gd,101,4,A
3EC24MW5,Nobe,Wight,nwight8t@vinaora.com,103,7,C
CL3ZJ2NW,Elias,Maffezzoli,emaffezzoli8u@hexun.com,102,26,A
YS4UP1BF,Ainslee,Burbidge,aburbidge8v@nydailynews.com,102,26,A
OPLT1U6D,Jenifer,Bunnell,jbunnell8w@naver.com,102,17,C
Q24U3AMK,Velma,Gouldeby,vgouldeby8x@nih.gov,102,11,A
7WD8SQ5G,Karlan,Portman,kportman8y@constantcontact.com,102,19,B
JC91A0BL,Blanche,Brinkworth,bbrinkworth8z@networkadvertising.org,103,15,B
WBDYXHRT,Ozzy,Bitcheno,obitcheno90@twitter.com,101,11,A
DWIUG395,Tracie,Czajka,tczajka91@slashdot.org,102,27,B
73NZ5SX2,Evangeline,Kilkenny,ekilkenny92@smh.com.au,103,1,B
SCOR0VJ8,Daffy,Goolden,dgoolden93@last.fm,102,7,A
6IN10RWY,Blinni,Sawood,bsawood94@delicious.com,102,17,C
EUAW820P,Brady,Swanston,bswanston95@examiner.com,101,25,A
N8SUPQJR,Danika,Farries,dfarries96@hatena.ne.jp,102,7,A
97LDJFBR,Sukey,Shawley,sshawley97@wired.com,102,20,B
7T89L2KC,Elysia,Lamps,elamps98@ft.com,101,20,B
7FQ38JXR,Naomi,Writtle,nwrittle99@google.de,101,9,C
3A65QLIF,Starla,Thurnham,sthurnham9a@aol.com,102,20,B
QMLIOZBF,Heriberto,Tinton,htinton9b@i2i.jp,102,10,B
TMB5GN4I,Elset,Wateridge,ewateridge9c@naver.com,101,15,B
9SWI1THG,Wendie,Culwen,wculwen9d@bizjournals.com,103,6,A
KBF6QV47,Alma,O'Cooney,aocooney9e@tumblr.com,102,16,A
FL7KSWN2,Bar,Giordano,bgiordano9f@yolasite.com,101,19,A
79ERXOB6,Cristi,Liggons,cliggons9g@google.de,102,3,B
I10JR53Y,Wendie,Spire,wspire9h@usda.gov,101,9,A
WIRAOMVJ,Flori,Trowler,ftrowler9i@engadget.com,103,11,A
9MJR52E1,Damara,Purdy,dpurdy9j@shutterfly.com,101,1,C
LBEKO4U9,Kipp,Barbosa,kbarbosa9k@freewebs.com,102,3,C
CXYZEN75,Emmanuel,Skillett,eskillett9l@bandcamp.com,102,12,A
J175YGSE,Lesli,Flintoff,lflintoff9m@vinaora.com,102,5,B
6NPOA8RL,Hendrick,Tothacot,htothacot9n@tmall.com,103,21,A
VQNXP58S,Alexander,Probet,aprobet9o@dyndns.org,101,22,B
IWHVBEJF,Lyn,Matyashev,lmatyashev9p@bing.com,103,18,B
OAH8EVZK,Marillin,Baroche,mbaroche9q@ycombinator.com,101,22,C
3UIQ9T2S,Toma,Ivey,tivey9r@mapquest.com,102,23,B
RD1C9NLY,Kirstyn,Kilcoyne,kkilcoyne9s@blog.com,101,5,C
J8IB4EVX,Tobe,Mates,tmates9t@ebay.co.uk,101,4,C
A7NWQFUM,Dora,Prodrick,dprodrick9u@census.gov,103,12,A
Z4I7FJEU,Demetrius,McQuarter,dmcquarter9v@geocities.jp,101,6,A
A6GU94KQ,Binnie,Boat,bboat9w@slashdot.org,101,20,A
XPGIMEK4,Corey,Birdwhistle,cbirdwhistle9x@craigslist.org,103,25,C
58KFX3PW,Lyle,McPeice,lmcpeice9y@bravesites.com,101,21,B
X059K8L7,Lil,Trayton,ltrayton9z@salon.com,102,9,C
LGCJXNE6,Wheeler,Smerdon,wsmerdona0@etsy.com,103,16,C
A51MQDWY,Celestyn,Dienes,cdienesa1@mapquest.com,101,6,A
FUGLO96E,Marcella,Cafferky,mcafferkya2@auda.org.au,102,12,A
LS9DAJV5,Dore,Momford,dmomforda3@oracle.com,101,21,A
4BC8FA6U,Hedi,Soltan,hsoltana4@nba.com,103,2,A
HBOZUN0T,Guntar,Bocke,gbockea5@unicef.org,102,18,C
NV79H0I2,Krysta,Bastow,kbastowa6@amazon.de,103,1,A
MVG5CRT4,Ambrose,Antognelli,aantognellia7@amazon.com,103,23,C
BGDW7X8M,Annie,Horlick,ahorlicka8@aol.com,103,4,C
XSA54C8K,Bunny,Salthouse,bsalthousea9@sun.com,103,27,A
3NM2S4C9,Jeffry,Popescu,jpopescuaa@hostgator.com,101,21,C
CY16SBTK,Brannon,Southwood,bsouthwoodab@reuters.com,101,11,A
OGDEF7WZ,Koressa,Ledgley,kledgleyac@webs.com,101,1,B
9IK10EVQ,Edith,Gavagan,egavaganad@vinaora.com,103,27,C
G59LW2ZE,Chrisse,Adamo,cadamoae@who.int,102,4,C
1T0GMWAB,Robbie,Staples,rstaplesaf@acquirethisname.com,101,17,A
GX2O150N,Debby,Matysik,dmatysikag@army.mil,101,9,C
YWRMUBC9,Jodee,Brennans,jbrennansah@phoca.cz,101,19,B
NLZR17AW,Tessa,Wakes,twakesai@addthis.com,102,11,A
BIKRGHL2,Mart,Culverhouse,mculverhouseaj@163.com,101,8,A
FWJR2YOV,Rafferty,Wrefford,rwreffordak@hc360.com,101,23,A
XH0LNAMC,Winne,Binner,wbinneral@wordpress.com,103,4,C
KAYDWJG7,Barnaby,Tilmouth,btilmoutham@statcounter.com,103,21,C
ZIXJQE8C,Marielle,Rawkesby,mrawkesbyan@indiatimes.com,102,22,B
UJ7OBXTP,Cecil,Allison,callisonao@bizjournals.com,102,21,C
H27MRL40,Carri,McCafferty,cmccaffertyap@posterous.com,101,16,A
6VMPQWNB,Fredi,Lillecrap,flillecrapaq@gmpg.org,103,13,A
RJ97S3ZT,Leta,Metzke,lmetzkear@weibo.com,103,1,C
2CW8UY3Z,Sheffie,Sargood,ssargoodas@cbc.ca,103,17,C
5YWFTEP8,Gnni,O'Siaghail,gosiaghailat@wikia.com,101,10,B
SQ5GJ31W,Clarence,Buckbee,cbuckbeeau@purevolume.com,101,25,C
3YFKTJS4,Baird,Thompsett,bthompsettav@ihg.com,103,27,C
7IG2UWS8,Robinson,Gabrieli,rgabrieliaw@aol.com,101,18,B
WB3KDOEJ,Georgette,Danilevich,gdanilevichax@bizjournals.com,103,19,A
0K7MZF4D,Jerad,Mooreed,jmooreeday@samsung.com,101,8,C
86HSRC4T,Lindie,Hamp,lhampaz@usa.gov,102,5,C
3Z7C2B1M,Josepha,Yallop,jyallopb0@linkedin.com,103,6,A
UJMXCHW6,Alana,Camplejohn,acamplejohnb1@bbb.org,101,3,C
9Q4KH760,Leonie,Pawling,lpawlingb2@hugedomains.com,102,8,C
SUD8BWC9,Maure,Elsey,melseyb3@cafepress.com,101,27,A
CVTX1BR6,Rozanne,Cawdron,rcawdronb4@slashdot.org,102,22,A
7HXGMJZ2,Finn,Ebbles,febblesb5@arizona.edu,102,11,C
VY06IRTN,Hilliary,McIsaac,hmcisaacb6@techcrunch.com,103,11,A
I5LQYZMK,Jonis,Le Conte,jleconteb7@vkontakte.ru,103,22,B
0AF3UM61,Dell,Alfonsetti,dalfonsettib8@i2i.jp,102,3,C
P8LARHD0,Tallia,Moyce,tmoyceb9@issuu.com,101,23,B
HXCE4UTO,Arabella,Gilbard,agilbardba@nature.com,102,7,B
D78W2CXP,Roderic,Garrett,rgarrettbb@photobucket.com,102,5,B
HAM0SZ8Y,Brynn,Stubbert,bstubbertbc@sphinn.com,101,10,C
LFXJP7EV,Lucilia,Phlipon,lphliponbd@deviantart.com,101,20,C
QJMY2HGE,Meredithe,Sellers,msellersbe@state.gov,103,12,A
J1MLYWDN,Barbara-anne,Hans,bhansbf@un.org,101,5,A
UHO1QBR4,Enrique,Gault,egaultbg@patch.com,103,12,B
4PEWNL1S,Johnathon,Milham,jmilhambh@yellowpages.com,101,4,B
WHABC6R9,Billye,Pietri,bpietribi@bluehost.com,103,24,A
WANL9Q6S,Wainwright,Trumper,wtrumperbj@delicious.com,103,10,A
JD9MZRWS,Ronnie,Graith,rgraithbk@myspace.com,101,11,C
VGT2DUN3,Gusti,Croson,gcrosonbl@chicagotribune.com,101,1,A
VJUHAC16,Rocky,Struan,rstruanbm@nbcnews.com,102,3,B
BZ4H9SGV,Martyn,Simkovitz,msimkovitzbn@free.fr,103,7,C
KE1JTO3F,Diannne,Cordle,dcordlebo@msu.edu,103,4,C
9T6CA1YK,Timothee,Paoli,tpaolibp@comsenz.com,102,3,A
57IS0XLY,Elane,Darth,edarthbq@liveinternet.ru,101,19,C
1PXVK35R,Julee,Ramsden,jramsdenbr@dyndns.org,102,21,C
3HKWTVDI,Keenan,McDyer,kmcdyerbs@sphinn.com,101,2,C
AXSJ6HZ7,Lilith,Alessandretti,lalessandrettibt@youtu.be,103,3,A
9QCAY1SN,Monty,Cheese,mcheesebu@nba.com,102,21,B
B6H9YZXI,Reuven,Syer,rsyerbv@cyberchimps.com,103,17,B
A9ZHEGKC,Wandis,Adshed,wadshedbw@house.gov,103,2,C
DN8PVWF7,Whittaker,McMickan,wmcmickanbx@joomla.org,102,18,A
0YU9BVJ4,Dom,Iskow,diskowby@mapquest.com,103,23,C
0NTS7RWH,Cristie,Matten,cmattenbz@paypal.com,103,1,B
0G2BNYPK,Ardeen,Mountain,amountainc0@discuz.net,103,13,B
YX7PJ83O,Putnem,Ryburn,pryburnc1@webnode.com,103,24,C
MEKBVRND,Saundra,Cords,scordsc2@wordpress.com,103,11,C
SMOGQF5K,Vittoria,Aslett,vaslettc3@sciencedirect.com,101,24,C
PTEK2V1Z,Dorene,Dell,ddellc4@wsj.com,101,17,C
018NFM35,Alissa,Lafee,alafeec5@tamu.edu,102,14,B
CH3MFVN0,Blinni,Lamers,blamersc6@admin.ch,101,8,A
RMZ31O7Y,Kinnie,Leirmonth,kleirmonthc7@wordpress.com,103,8,C
MSR6Z5TE,Rayner,Gniewosz,rgniewoszc8@spotify.com,103,20,A
46TU1KL3,Haskell,Beatson,hbeatsonc9@sohu.com,103,4,B
7OZT8Y9I,Esta,Cowern,ecowernca@dedecms.com,101,9,C
1N26X48H,Kerk,Lennox,klennoxcb@economist.com,102,5,C
9BF3YG6T,Cornelle,Grabham,cgrabhamcc@alexa.com,101,15,A
8J34VBWL,Melinde,Curphey,mcurpheycd@howstuffworks.com,103,12,A
TBE41UPA,Erna,Gudahy,egudahyce@bloglines.com,103,15,A
20FKZUSP,Gerry,Dumphries,gdumphriescf@cdc.gov,103,25,B
9VQKSCF2,Ase,Cescotti,acescotticg@unesco.org,103,17,C
GCY9T4M2,Malia,Tunny,mtunnych@noaa.gov,103,22,A
3NYEQPLV,Beverlee,Kippax,bkippaxci@123-reg.co.uk,103,5,A
M5UJLORK,Hurleigh,McMoyer,hmcmoyercj@theglobeandmail.com,102,3,B
EGNMQDFY,Eugine,Gummie,egummieck@boston.com,102,5,B
6T3FMHW1,Norris,Wathan,nwathancl@sun.com,101,9,B
WEPFH0LC,Kania,Airdrie,kairdriecm@abc.net.au,101,12,B
LGET84WZ,Melissa,Parminter,mparmintercn@odnoklassniki.ru,101,11,C
0G9RI1LJ,Farr,Dainton,fdaintonco@intel.com,103,13,B
Q40WBKJ9,Wendell,Dunseath,wdunseathcp@nps.gov,103,8,A
H2GZFR4Y,La verne,Mathey,lmatheycq@msu.edu,102,18,B
JWIQ4CN6,Idaline,Bloy,ibloycr@pbs.org,103,19,A
WF2YP4TS,Walton,Mattiazzi,wmattiazzics@ucoz.ru,102,13,A
JKPF1QW6,Odella,Treadger,otreadgerct@hc360.com,103,7,C
QRU8TGKC,Margalit,Giottoi,mgiottoicu@uiuc.edu,103,3,C
YUD1Q9TC,Caspar,Worsnip,cworsnipcv@example.com,103,4,A
MHTEBF5K,Freeland,Book,fbookcw@kickstarter.com,102,17,C
951QCPTB,My,Fulloway,mfullowaycx@arizona.edu,103,21,C
MLGAEZ4Y,Mersey,Swadlinge,mswadlingecy@behance.net,103,15,C
ICAQ7DMP,Myrtia,Redon,mredoncz@umich.edu,102,3,B
QF9PASTI,Judye,MacGray,jmacgrayd0@webnode.com,103,24,A
67YA0HF9,Caralie,Bergen,cbergend1@google.es,103,25,A
P3KJSQHA,Marilyn,Thunder,mthunderd2@bbb.org,103,2,B
HOQ2GSNF,Wernher,Stamp,wstampd3@dyndns.org,103,21,B
VQ47J9M5,Ibby,Munslow,imunslowd4@zdnet.com,103,8,C
49CHENAT,Celina,Langthorne,clangthorned5@cnet.com,102,13,A
H7INUJ6E,Clayborne,Greenough,cgreenoughd6@about.me,102,19,C
9CXN8R5T,Milt,Ackhurst,mackhurstd7@samsung.com,103,16,B
0OHSGCQP,Nate,Metterick,nmetterickd8@twitpic.com,101,11,B
2CDH6F1Q,Mollee,Hydes,mhydesd9@tuttocitta.it,103,1,C
WS4OL0NM,Remus,MacConnulty,rmacconnultyda@etsy.com,101,14,A
H2M7JDXN,Ansley,Vipan,avipandb@github.io,102,8,A
XY2URIZO,Brent,Simson,bsimsondc@ehow.com,103,9,B
KN6ALP9G,Lindy,Sier,lsierdd@lulu.com,101,1,C
BHRIXW9O,Aksel,Hallybone,ahallybonede@house.gov,102,18,A
8AHOFNQP,Davidson,Grange,dgrangedf@livejournal.com,102,26,C
3N6MVGDH,Doris,Skeech,dskeechdg@fema.gov,102,22,A
MB17XJ83,Florry,Nemchinov,fnemchinovdh@hexun.com,101,18,A
6GL3TEDA,Farrah,Strattan,fstrattandi@e-recht24.de,103,12,B
QK9OYVN7,Cher,Harmes,charmesdj@spiegel.de,102,25,C
XRU8ETCN,Wilt,Pohling,wpohlingdk@illinois.edu,101,7,A
K6UEC2LN,Hedy,Lynds,hlyndsdl@linkedin.com,101,8,A
AEIPFJ2V,Genni,Tonry,gtonrydm@woothemes.com,103,14,B
VJU2GCW7,Rickert,Spoward,rspowarddn@baidu.com,102,15,C
VQ6HOBKY,Alexandro,MacBarron,amacbarrondo@edublogs.org,102,23,C
XSVMPIOG,Heather,Sinnett,hsinnettdp@pcworld.com,103,15,B
DC6LQ7TN,Tiffy,Bello,tbellodq@aol.com,102,8,C
AJBWT2YF,Derrek,Stangroom,dstangroomdr@omniture.com,102,11,A
45SN6X27,Taryn,Crutchley,tcrutchleyds@ucoz.ru,101,13,B
1NG7385I,Alameda,Gudgen,agudgendt@ted.com,102,27,B
KSTXA14L,Matti,Birden,mbirdendu@apache.org,102,1,B
KLR10YGP,Sashenka,McCulloch,smccullochdv@wix.com,101,10,A
B1ET3G5U,Brear,Kubyszek,bkubyszekdw@princeton.edu,102,12,B
M3KONIRY,Dorice,Domb,ddombdx@parallels.com,101,10,A
0M4DBHWP,Lucienne,Vonderdell,lvonderdelldy@google.ca,103,10,A
Y5ZJ9B7C,Biddie,Holligan,bholligandz@bloomberg.com,101,26,B
5OT0HWMF,Wald,Blamey,wblameye0@sfgate.com,103,18,A
518ENAUR,Georgeta,Van der Hoven,gvanderhovene1@domainmarket.com,102,2,C
QHM04VSF,Lucius,Fossord,lfossorde2@ocn.ne.jp,101,2,C
5TM26UDC,Jaquelyn,Shuter,jshutere3@businessweek.com,101,13,A
WMJPQS84,Jo,Skitral,jskitrale4@typepad.com,103,7,B
47EMZHJA,Melisenda,Burnsyde,mburnsydee5@github.io,102,21,B
X5DLIJWH,Adelice,Cullon,acullone6@bigcartel.com,102,22,B
3UA95R4I,Nell,Isley,nisleye7@vimeo.com,102,12,B
ADPR0WUL,Culley,Relton,creltone8@unesco.org,101,8,B
76J45OW9,Larry,Mohring,lmohringe9@comsenz.com,102,11,B
3SY0NWD8,Javier,Howie,jhowieea@devhub.com,103,22,B
2JUKRQTO,Marnia,Egarr,megarreb@washington.edu,102,23,A
0RT8WEXM,Valencia,Frane,vfraneec@ocn.ne.jp,103,5,A
NDHGUM95,Grover,Treagus,gtreagused@constantcontact.com,101,17,A
DO84S0MV,Ruthie,Portis,rportisee@cmu.edu,102,9,A
W38LTIK9,Locke,Mont,lmontef@java.com,101,3,B
EZCXQLHW,Emmit,Edgell,eedgelleg@woothemes.com,102,21,C
1N72ICS6,Kerrill,Kemmis,kkemmiseh@ifeng.com,101,19,C
PG95NV14,Clarissa,Jeckell,cjeckellei@hubpages.com,103,12,A
YNPZWAIC,Sigismundo,Fitzpayn,sfitzpaynej@google.it,103,20,B
ROKCQ12X,Madelaine,Gallaway,mgallawayek@twitter.com,102,20,B
HTZNURIL,Ally,Wehden,awehdenel@adobe.com,102,14,A
3UE82XOK,Gun,Suett,gsuettem@java.com,103,22,B
RJH30LWG,Emmett,Glencros,eglencrosen@google.de,103,10,A
8ZKPCR7L,Cherri,Barles,cbarleseo@dailymail.co.uk,103,22,B
VEGRK0IH,Linn,McCambridge,lmccambridgeep@wix.com,101,9,A
MJU38O90,Rollo,Lamburne,rlamburneeq@ucsd.edu,101,25,B
BIMNR10K,Dav,Pestricke,dpestrickeer@usnews.com,103,10,A
EQJG6OF4,Carly,Coker,ccokeres@angelfire.com,103,21,B
TIPBRY82,Mag,Fraschetti,mfraschettiet@blogs.com,101,27,A
XB3YV94H,Kiele,Le Gall,klegalleu@imageshack.us,103,8,C
VRUA0FW3,Goran,Linnard,glinnardev@springer.com,102,24,B
5D69IPGB,Rosanne,Rawcliffe,rrawcliffeew@springer.com,102,14,A
6UN83MAV,Lisa,Fincke,lfinckeex@deviantart.com,102,14,C
9AN7M1PT,Biddy,Habben,bhabbeney@salon.com,103,22,C
1XY6P9M4,Aubrie,Darben,adarbenez@unesco.org,102,6,C
3RJ2I8GO,Griffith,Byres,gbyresf0@acquirethisname.com,101,25,C
GQ8KFPA4,Howard,Felgat,hfelgatf1@auda.org.au,103,26,A
LE3AB0I9,Harris,Vearnals,hvearnalsf2@ucla.edu,101,25,C
4IJ6ECOY,Ken,Garahan,kgarahanf3@rakuten.co.jp,102,27,C
P2FNSGY8,Lyndsie,Hicken,lhickenf4@spiegel.de,101,5,A
79OK601B,Trumann,Symonds,tsymondsf5@sciencedirect.com,102,11,C
CMUO9XZF,Cris,Belcher,cbelcherf6@blogtalkradio.com,103,19,B
W02PBLK4,Demetra,Coch,dcochf7@tamu.edu,103,9,A
8FZ5NC70,Helsa,Cambling,hcamblingf8@imgur.com,103,6,B
ZHJAT5C4,Ingunna,Nardi,inardif9@t.co,101,22,B
ZJ7E5D4V,Laney,Duetsche,lduetschefa@themeforest.net,102,11,A
C1UQ78OZ,Lindon,Beale,lbealefb@answers.com,102,4,A
ML37VPNY,Anabelle,Abys,aabysfc@barnesandnoble.com,103,9,A
M3R8ZXL4,Olimpia,Asbury,oasburyfd@tinyurl.com,103,15,B
H3DNSMAZ,Lucina,Vedishchev,lvedishchevfe@elegantthemes.com,103,12,C
1J8G602S,Donnie,Berryman,dberrymanff@cbc.ca,101,22,C
PS1UKC9Y,Geno,Vales,gvalesfg@freewebs.com,103,15,C
PHE870WX,Letty,Moodie,lmoodiefh@netlog.com,103,23,A
IF18EQD5,Ches,Prudence,cprudencefi@usnews.com,102,15,A
APFVMDG9,Ky,Yorston,kyorstonfj@oaic.gov.au,101,24,C
MAPKZGLV,Joelie,Eaves,jeavesfk@china.com.cn,103,4,C
6SXQMGUV,Ailene,Millmore,amillmorefl@live.com,102,2,B
J8OKR65I,Alisun,Hurworth,ahurworthfm@multiply.com,102,10,C
2O0RXQAH,Casey,Currum,ccurrumfn@skyrock.com,103,15,B
45XFJ6SE,Catriona,Deelay,cdeelayfo@tamu.edu,103,10,B
72YSZ6F0,Theodor,Currier,tcurrierfp@seattletimes.com,101,22,A
G2WVIH7U,Corrinne,Speachley,cspeachleyfq@moonfruit.com,103,12,A
6PU419XR,Tania,Woan,twoanfr@admin.ch,102,10,C
EFSPM1N8,Dulcia,Moultrie,dmoultriefs@spiegel.de,103,12,C
Y5EFHZDS,Rudy,Stanyer,rstanyerft@yale.edu,102,17,B
R94VJYUE,Venita,Loweth,vlowethfu@archive.org,101,10,B
EVRWKP5J,Kellsie,Di Carlo,kdicarlofv@altervista.org,102,6,C
C3Y0T2ID,Kearney,Gusney,kgusneyfw@google.co.jp,102,18,A
5XEMJ6CO,Dalt,Heminsley,dheminsleyfx@sciencedirect.com,102,22,C
L7EJB81R,Tania,Swiffin,tswiffinfy@netvibes.com,103,4,A
5E2WUTAF,Ailis,Lukehurst,alukehurstfz@google.com.hk,103,3,C
DKR8BPYC,Wynn,Wozencraft,wwozencraftg0@microsoft.com,101,13,C
EQ5C46T9,Hymie,Chilles,hchillesg1@washingtonpost.com,103,15,A
VHA15T0D,Bernardine,Stancer,bstancerg2@is.gd,101,24,B
8MA9QX2Z,Isobel,Godspeede,igodspeedeg3@reuters.com,101,11,B
P72OBW0L,Marni,Spohrmann,mspohrmanng4@forbes.com,103,25,B
X50SUD74,Alexandra,Bohl,abohlg5@imgur.com,101,24,A
YO5ED7TR,Clara,Sallan,csallang6@about.me,102,18,C
ND25VST7,Raine,Duinbleton,rduinbletong7@cbslocal.com,103,7,B
CSTF613V,Dawna,Core,dcoreg8@gravatar.com,101,2,A
CHPZ7XEO,Levin,Wasiel,lwasielg9@omniture.com,101,20,A
EUHIL6T2,Erwin,Dufaire,edufairega@xing.com,102,27,A
3NV2ZAFJ,Berthe,Nieass,bnieassgb@a8.net,102,8,B
AOHYV28N,Issi,Townshend,itownshendgc@admin.ch,101,27,B
XN7BT61W,Antonina,Danks,adanksgd@wiley.com,102,25,A
J6G2VLPI,Germayne,O'Nowlan,gonowlange@tmall.com,103,21,A
VM62FUK4,Talbot,Toderbrugge,ttoderbruggegf@over-blog.com,103,23,A
0H5JNQIU,Nickolai,Howat,nhowatgg@skype.com,102,18,C
TYN1OMI9,Fran,Besant,fbesantgh@independent.co.uk,102,15,B
IA0X9ZBU,Myrwyn,Adcocks,madcocksgi@ebay.co.uk,102,20,A
IZ7RAXEY,Veriee,Ouldcott,vouldcottgj@netvibes.com,101,22,C
ZAIX2V6J,Sabrina,Thairs,sthairsgk@phpbb.com,103,5,B
RL473OCZ,Lanae,Styles,lstylesgl@g.co,103,27,A
7TS4VLIC,Heda,Carlo,hcarlogm@typepad.com,101,17,C
Z1W8NLA3,Cahra,Burgane,cburganegn@google.ca,101,10,B
1ZQKMOSU,Ashli,Losselyong,alosselyonggo@prweb.com,102,18,A
M13D80OA,Keene,Cudiff,kcudiffgp@t-online.de,101,1,C
9WYOHN06,Gisella,Dulake,gdulakegq@usgs.gov,101,16,C
UPOE54TG,Etti,O'Kennedy,eokennedygr@cbc.ca,101,12,A
4TQ6XP8L,Bruce,Nuttall,bnuttallgs@cargocollective.com,102,12,C
6FWC8TSL,Liv,Severwright,lseverwrightgt@facebook.com,102,12,A
1X9BTCRU,Livvy,Mc Ilory,lmcilorygu@tinypic.com,103,20,A
910XAW4K,Findley,McIlharga,fmcilhargagv@stanford.edu,101,1,B
E4BQGY2M,Ferdie,Geck,fgeckgw@latimes.com,102,25,A
ZD06KVS8,Ahmed,Featherstone,afeatherstonegx@state.gov,101,23,B
57UT49VZ,Britni,Lambart,blambartgy@tiny.cc,102,9,A
2G31BIXE,Marji,Gutherson,mguthersongz@typepad.com,101,4,A
APD94XEM,Leonardo,Staries,lstariesh0@youtube.com,103,2,B
AMW5GS98,Tuck,Kenewell,tkenewellh1@oakley.com,102,20,C
CTSP2LEI,Quintina,Cuffe,qcuffeh2@i2i.jp,102,8,C
WQRUCG7O,Elsa,Lening,eleningh3@reverbnation.com,102,12,B
5JTCUGR7,Granger,Paulitschke,gpaulitschkeh4@list-manage.com,102,11,A
W3RI5AUV,Wallie,Agastina,wagastinah5@flickr.com,101,16,A
EXK1C0L2,Meris,Frary,mfraryh6@hibu.com,101,20,C
93ADHRTS,Miguel,Whye,mwhyeh7@loc.gov,102,23,A
VOKHDAB3,Rasla,Astbury,rastburyh8@sun.com,103,25,A
QMO2B6CI,Abey,Abad,aabadh9@hexun.com,101,3,A
Y7O38XLA,Lorry,Rodden,lroddenha@sciencedirect.com,102,11,A
LYBO8FIC,Myrtice,Consterdine,mconsterdinehb@bizjournals.com,101,22,B
I6GEV3SD,Corbet,Skerratt,cskerratthc@feedburner.com,103,1,B
CT9NQ2HF,Emmanuel,Tomasek,etomasekhd@newsvine.com,103,11,B
7RWNK14M,Staci,Vedyaev,svedyaevhe@google.co.uk,103,21,B
WYA1U2KP,Nonna,Thorald,nthoraldhf@domainmarket.com,101,7,C
UX9AQT25,Sauncho,Guitt,sguitthg@dot.gov,103,14,C
2N5I617D,Donnamarie,Whodcoat,dwhodcoathh@toplist.cz,103,25,C
KCE47M8D,Dorian,Martinovic,dmartinovichi@ehow.com,101,21,A
NAHMSGRQ,Bertrand,Henfre,bhenfrehj@cnn.com,101,16,A
YJDF2PQG,Frances,Mungin,fmunginhk@symantec.com,101,15,A
JM2YPBZN,Janene,Scales,jscaleshl@hc360.com,103,19,B
NL8XCQTI,Corney,O'Connolly,coconnollyhm@ezinearticles.com,102,3,A
VO4GKZHY,Merrie,Undy,mundyhn@whitehouse.gov,102,1,B
C5GIEDQR,Hali,Bettis,hbettisho@trellian.com,102,21,B
BR62UNH7,Auberta,Aberdein,aaberdeinhp@shutterfly.com,103,2,A
RQO2CY7P,Pepito,Becconsall,pbecconsallhq@senate.gov,102,6,B
ALI51WNM,Ulrick,Gorsse,ugorssehr@wordpress.org,101,26,B
2QR4GHDV,Nichole,Koeppke,nkoeppkehs@moonfruit.com,103,3,B
ADU5P4K8,Donnie,Delacoste,ddelacosteht@howstuffworks.com,103,19,A
K5O19WSI,Georges,Wattins,gwattinshu@paginegialle.it,102,3,A
Z09B3DW1,Jenna,Dankersley,jdankersleyhv@nydailynews.com,101,23,A
2ZBIA369,Rasla,Kareman,rkaremanhw@craigslist.org,102,17,B
OLQXBK0Z,Conroy,Bingall,cbingallhx@wordpress.org,101,9,C
KUD8M1LI,Renado,Retallick,rretallickhy@newsvine.com,101,5,C
8C7A9SNH,Reeta,Waine,rwainehz@vkontakte.ru,102,6,A
HY7BNXA3,Claudine,Easson,ceassoni0@tuttocitta.it,101,11,B
2SCK7ETQ,Tye,Hearsey,thearseyi1@jigsy.com,101,24,B
X0BRMLYU,Darby,Nockolds,dnockoldsi2@adobe.com,101,22,C
92JHFZKW,Luca,Edgcombe,ledgcombei3@themeforest.net,101,4,A
FVKRIAST,Jeanna,Merrill,jmerrilli4@ask.com,103,25,B
KX8PEHTR,Inglebert,Musgrove,imusgrovei5@xinhuanet.com,101,13,B
71RY8KO4,Tabbatha,McCombe,tmccombei6@china.com.cn,101,25,C
49GECDWT,Katharine,Gillyatt,kgillyatti7@blog.com,102,20,C
O1TUMY9W,Morty,Janas,mjanasi8@ycombinator.com,102,9,C
S8PR5BXU,Almeta,Seeds,aseedsi9@reuters.com,103,13,B
OCB79AGM,Sarette,Guillain,sguillainia@dropbox.com,103,19,B
78BJEO50,Paige,Steuhlmeyer,psteuhlmeyerib@sitemeter.com,101,6,B
2FP1HYKA,Libby,Webberley,lwebberleyic@wisc.edu,101,12,A
MJ5RT2YS,Gus,Dugget,gduggetid@nhs.uk,102,13,C
VTWU9SX1,Christoforo,Gave,cgaveie@godaddy.com,101,7,A
KCQRLW2D,Randall,O' Liddy,roliddyif@digg.com,101,11,A
1OE5ZG9V,Jillane,Reilinger,jreilingerig@sogou.com,101,10,B
DGY8P0M5,Florenza,Fabri,ffabriih@twitpic.com,103,1,B
WGPXI079,Yuma,Crookston,ycrookstonii@miitbeian.gov.cn,101,20,B
4KROXPWF,Laurence,Compton,lcomptonij@house.gov,102,5,C
GK6X37S5,Claudianus,Bitcheno,cbitchenoik@reuters.com,101,15,B
F6GZ4BNU,Kit,McLaggan,kmclagganil@fc2.com,102,1,C
T739FXY0,Fin,Yakebowitch,fyakebowitchim@moonfruit.com,101,4,C
BDVFJQMG,Rusty,Cestard,rcestardin@uiuc.edu,101,13,C
RTK14DSB,Pierre,Guyet,pguyetio@weather.com,102,18,C
ZLRTN8SQ,Cesar,McMickan,cmcmickanip@tripadvisor.com,103,15,A
I3AGXPB6,Bertie,Petto,bpettoiq@cpanel.net,101,4,B
L7PFJMRO,Stafford,Coomer,scoomerir@mapquest.com,103,10,C
IC1ZUGWT,Ethelda,Aiken,eaikenis@seattletimes.com,101,20,C
LQXH9ZYR,Quinta,Scothorn,qscothornit@blogtalkradio.com,103,13,A
1C2J6VFX,Donovan,Portwain,dportwainiu@eventbrite.com,103,4,B
M8X7HZEW,Romona,Eck,reckiv@umn.edu,101,27,B
4VKPA9FT,Janelle,Kacheller,jkachelleriw@ft.com,101,18,B
9SR7YZH5,Candida,Longhirst,clonghirstix@joomla.org,102,22,C
6K9O7N2Y,Ashlen,Issacson,aissacsoniy@gnu.org,101,6,B
IAT4FVP0,Alex,Bastide,abastideiz@godaddy.com,103,8,B
8S4JGXBN,Lanie,Battams,lbattamsj0@aol.com,102,16,B
PMKJ0HAT,Pancho,Skill,pskillj1@fc2.com,101,8,B
XHE0PTIC,Arlana,Jentin,ajentinj2@newyorker.com,103,23,B
4H9E78KM,Pepito,Vannacci,pvannaccij3@macromedia.com,101,26,C
YCJ4GOF5,Minnnie,Guesford,mguesfordj4@phpbb.com,101,6,A
2XHG68T0,Giles,Petrosian,gpetrosianj5@tmall.com,102,11,A
NSYXM5D7,Lu,Escalera,lescaleraj6@blogtalkradio.com,101,23,A
6W0Z3UP7,Arthur,Corre,acorrej7@house.gov,101,25,B
AV7LUKDR,Tandi,Cashford,tcashfordj8@yolasite.com,102,23,B
BWZKCR6G,Elianora,Wynch,ewynchj9@umn.edu,103,23,B
IMZ7DJQK,Windham,Kingaby,wkingabyja@yahoo.com,103,17,A
S402M8EU,Glynda,Peyntue,gpeyntuejb@youtube.com,101,6,C
QKY9FGLM,Ulrikaumeko,McLoney,umcloneyjc@java.com,102,8,A
LH8K13T5,Yorgo,Giacubbo,ygiacubbojd@pbs.org,103,23,B
KIN2LCUD,Berna,Vynarde,bvynardeje@ezinearticles.com,102,6,C
PG4C08OT,Inglis,Tallboy,itallboyjf@amazon.com,102,21,C
QI2BSLF6,Gwyneth,Espie,gespiejg@soundcloud.com,103,21,B
FC0P2ZAL,Evania,Giorgio,egiorgiojh@indiatimes.com,101,26,B
KVMQIL5Z,Riva,Denis,rdenisji@youku.com,101,22,C
OQ4GW76S,Rudiger,Oliphard,roliphardjj@simplemachines.org,102,4,B
BDKURMZV,Nell,Epilet,nepiletjk@census.gov,102,27,C
Z4T856B3,Natala,Pentin,npentinjl@disqus.com,101,5,C
V52871KY,Magdalene,Whitcher,mwhitcherjm@mapy.cz,103,11,C
FQX2VRMP,Carmine,Pane,cpanejn@seattletimes.com,101,17,B
A2GXHLER,Aurora,Prop,apropjo@miibeian.gov.cn,103,9,A
ZWO3VPA0,Maddie,Girardet,mgirardetjp@accuweather.com,101,13,B
IUBGEPJW,Spence,Smitherham,ssmitherhamjq@elegantthemes.com,103,7,B
NCQOJ8GE,Dave,Vignal,dvignaljr@vkontakte.ru,102,8,B
HM0TJR5F,Pammy,Dow,pdowjs@canalblog.com,102,12,A
C352DUY9,Keriann,Rosbrough,krosbroughjt@yandex.ru,103,14,A
XSJMNQDT,Natalina,Burnham,nburnhamju@miibeian.gov.cn,101,10,A
TY09XBRL,Merrile,Nystrom,mnystromjv@patch.com,103,18,C
YG8LDF07,Lilas,Grist,lgristjw@techcrunch.com,102,19,A
DAVO42Z9,Roshelle,Arrell,rarrelljx@lulu.com,101,22,B
5U8A2RC9,Amelina,Maccrie,amaccriejy@archive.org,103,18,C
OFEYSP7D,Worden,Collinson,wcollinsonjz@admin.ch,102,20,B
ZPXQO1ID,Derrick,Hillyatt,dhillyattk0@cbslocal.com,101,16,C
US3NI57F,Russ,Wenn,rwennk1@gov.uk,102,26,C
2NW64MPD,Riane,Emnoney,remnoneyk2@blinklist.com,102,18,B
BLO5JCRY,Yvette,Prothero,yprotherok3@imgur.com,103,20,A
Y95U16X4,Desiri,Gillogley,dgillogleyk4@engadget.com,102,18,A
VJ9BIZ5U,Hew,O'Dooghaine,hodooghainek5@google.com,102,11,A
XVCD5JZF,Jaime,Churchlow,jchurchlowk6@wikipedia.org,103,9,A
AVKLDJF0,Donall,Povele,dpovelek7@creativecommons.org,103,4,B
HBUX15FO,Emmy,Adrien,eadrienk8@seattletimes.com,102,5,B
VNH68M4D,Marisa,Aspland,masplandk9@github.com,102,8,A
9HD4TSKW,Gusti,Gaskin,ggaskinka@pbs.org,103,16,C
YWJZS3UD,Dael,Calverley,dcalverleykb@icq.com,103,23,C
8AZSFNMQ,Charis,Renforth,crenforthkc@shinystat.com,101,23,B
A9PT2J7N,Kaleb,Isaq,kisaqkd@xrea.com,103,19,A
3LHKBQ49,Gayle,Singyard,gsingyardke@independent.co.uk,101,22,C
048YUQ75,Brandyn,Stollwerck,bstollwerckkf@infoseek.co.jp,101,8,A
DL1JYICF,Joletta,Greste,jgrestekg@netscape.com,101,4,B
9JGCYW0E,Wendel,Grafton-Herbert,wgraftonherbertkh@acquirethisname.com,102,4,A
MHZOLAJ9,Chase,Lebell,clebellki@amazon.co.uk,101,7,C
FOB2RESA,Lowe,Banister,lbanisterkj@thetimes.co.uk,103,6,C
8IFAB4GQ,Padraic,Reddihough,preddihoughkk@economist.com,102,13,C
QW7XMAR9,Vitia,Forre,vforrekl@goo.gl,103,25,A
5YOXICBH,Addi,Olanda,aolandakm@yelp.com,103,21,A
G3DJO7NE,Belicia,Fills,bfillskn@ebay.com,103,16,B
76NXI2Y0,Granville,Hodgon,ghodgonko@naver.com,101,7,A
05W9T1VA,Madel,Oakland,moaklandkp@trellian.com,101,4,A
6MQY203F,Mattie,Cardnell,mcardnellkq@ustream.tv,101,11,C
XGVQUPI2,Rufe,Prover,rproverkr@oaic.gov.au,101,22,C
N4IBJVZL,Mikkel,Gaudin,mgaudinks@google.co.jp,102,26,C
NFQZGUKJ,Glory,Venney,gvenneykt@wsj.com,102,14,B
93IPE1AS,Alayne,McBrearty,amcbreartyku@eventbrite.com,101,4,C
7N2OVKDT,Roberta,O'Concannon,roconcannonkv@reddit.com,103,11,C
T40FDU91,Oralle,Tortice,otorticekw@theguardian.com,103,12,C
U9WVGONK,Ingaberg,Dunridge,idunridgekx@slideshare.net,103,24,B
NG41L2RX,Thalia,Risebrow,trisebrowky@uol.com.br,101,15,C
5TBDWZRO,Lemuel,Mallan,lmallankz@ovh.net,101,20,B
263TZLIK,Randi,Holtom,rholtoml0@ed.gov,101,25,B
FH3OWNVG,Elyn,Prewer,eprewerl1@marriott.com,101,13,B
H6WXI7CU,Beatrice,Siviour,bsiviourl2@elegantthemes.com,103,14,B
9EP5NDTV,Eba,Bater,ebaterl3@example.com,102,27,A
LMY7Z840,Rollie,Bromley,rbromleyl4@apple.com,103,7,B
UENALSDH,Phaedra,Davids,pdavidsl5@java.com,101,25,A
B9CS1O5K,Meggy,Sturridge,msturridgel6@goo.ne.jp,102,7,C
SF7A5CT6,Pavlov,Milleton,pmilletonl7@tmall.com,102,19,A
CK081FA4,Tommie,Kildea,tkildeal8@omniture.com,103,18,C
VA0YK4DP,Sondra,Zannuto,szannutol9@vimeo.com,102,5,A
2IRK0YH3,Ely,Gauvin,egauvinla@sakura.ne.jp,101,9,A
KV07ABMY,Leonora,Bausmann,lbausmannlb@liveinternet.ru,102,10,C
GV1Z94FM,Selle,Morrid,smorridlc@google.de,101,18,C
KE97WVPZ,Oralla,Tenby,otenbyld@uiuc.edu,103,22,B
NG4Y5EJP,Bryanty,Rodolico,brodolicole@japanpost.jp,103,2,C
2IMU46RL,Shaylyn,Drennan,sdrennanlf@wsj.com,103,3,B
IGZHNOBL,Elna,Walliker,ewallikerlg@topsy.com,102,19,B
QBGDYKS7,Martica,Splain,msplainlh@reddit.com,102,14,C
QTSVUMBK,Paddy,Sikora,psikorali@deviantart.com,102,3,C
Z6XLK0D7,Suellen,Portwain,sportwainlj@google.com.hk,102,24,C
EV5O3QZC,Daniella,Knutton,dknuttonlk@delicious.com,103,23,A
E0FU6I2W,Kiley,Lednor,klednorll@oaic.gov.au,103,19,C
R5EPLWCZ,Illa,McGrann,imcgrannlm@reverbnation.com,102,10,C
V9RLZUCJ,Karlens,Yuryev,kyuryevln@twitpic.com,103,23,B
0J1V854Q,Karol,Ganter,kganterlo@usda.gov,101,11,C
HE81J9DB,Hakeem,Spratling,hspratlinglp@skyrock.com,103,4,A
MS0VR3EX,Ashlin,Butcher,abutcherlq@taobao.com,102,14,A
037K2Z5O,Queenie,Minchinton,qminchintonlr@wsj.com,101,21,B
HGJB2FI6,Morissa,Bretland,mbretlandls@amazon.co.uk,102,11,A
VE89ZFAN,Miof mela,Lonsdale,mlonsdalelt@yelp.com,103,14,A
EBMUJ29Z,Isaiah,Daye,idayelu@booking.com,103,24,A
JC6V5RPM,Ericka,Olekhov,eolekhovlv@hibu.com,103,21,A
ZQ3WV4R8,Shauna,Mac Geaney,smacgeaneylw@wisc.edu,101,24,B
OKQVJCPM,Tomi,Gatehouse,tgatehouselx@webnode.com,103,1,C
GTQ63EWS,Corene,Drew,cdrewly@themeforest.net,101,5,B
32TZANHF,Phillie,Snadden,psnaddenlz@hexun.com,103,12,B
CNPXYB91,Berny,Arnson,barnsonm0@friendfeed.com,101,23,A
K0ICBZ35,Kristina,Reap,kreapm1@zdnet.com,102,4,B
YV5DEP8U,Leyla,Castagna,lcastagnam2@paypal.com,101,16,C
QMF0OYIU,Renie,Akker,rakkerm3@paypal.com,101,1,A
Z4L9H1O6,Lyndy,Wykes,lwykesm4@whitehouse.gov,101,16,B
PF7SVQH3,Quintin,Twidle,qtwidlem5@intel.com,103,5,A
28B60HQE,Juana,Bris,jbrism6@marketwatch.com,102,13,C
TYCEUJM6,Sharon,Albutt,salbuttm7@theatlantic.com,102,14,A
T3QE574M,Emalee,Casford,ecasfordm8@mashable.com,101,19,C
9KAZ7GLS,Karlens,Drains,kdrainsm9@hostgator.com,103,14,A
TZFW514X,Reine,Arckoll,rarckollma@themeforest.net,103,26,B
2GYOI9SL,Ramsay,Geake,rgeakemb@google.pl,102,5,B
RBPDGM9V,Tracie,Brizell,tbrizellmc@weebly.com,101,20,A
96XQ8FAK,Gabby,MacColgan,gmaccolganmd@zimbio.com,102,22,C
HLEG6TJS,Simonette,Henworth,shenworthme@theatlantic.com,102,20,A
MXSK8GLD,Poppy,Lante,plantemf@miitbeian.gov.cn,101,22,B
PNB8E2SX,Aristotle,Crossby,acrossbymg@yahoo.co.jp,102,12,A
FA2NVCGU,Arliene,Layfield,alayfieldmh@marketwatch.com,103,10,B
2Q36SYLZ,Carin,Daniellot,cdaniellotmi@state.gov,101,9,B
X04AWVMG,Timmie,O'Dulchonta,todulchontamj@bravesites.com,103,6,B
46FL2HZN,Philippine,Tales,ptalesmk@omniture.com,101,6,C
TP1AQXBZ,Viv,Boodell,vboodellml@economist.com,103,6,A
9ICNH4T2,Delora,Fann,dfannmm@gmpg.org,102,14,B
OVJS75Y8,Jessalyn,Bycraft,jbycraftmn@adobe.com,102,17,C
NUIPCW3X,Feodor,Vanner,fvannermo@ox.ac.uk,103,13,A
NQU85M0Y,Charil,Codner,ccodnermp@marketwatch.com,101,3,B
0KINJM28,Sherman,Fransman,sfransmanmq@irs.gov,102,25,B
NDI64EOF,Muriel,De Ambrosi,mdeambrosimr@oaic.gov.au,102,7,C
XSMQFPKA,Ermina,Sallter,esallterms@php.net,101,6,A
1CFZ8A6G,Freddy,Coolbear,fcoolbearmt@loc.gov,102,21,C
DQRIP2SB,Jules,Tesyro,jtesyromu@amazon.de,102,19,C
8Y1GESP3,Piper,Rogez,progezmv@netvibes.com,101,1,C
Y86AXWDV,Meghan,Jebb,mjebbmw@shutterfly.com,102,8,B
S4JQVXG6,Ricky,Spensley,rspensleymx@xinhuanet.com,101,11,A
EXSJI0LG,Aymer,Beccles,abecclesmy@canalblog.com,103,9,A
94AHIR5T,Katusha,Millam,kmillammz@mtv.com,103,8,C
A5D20IRK,Trula,Hackey,thackeyn0@engadget.com,101,8,C
U9LC2HXK,Marjory,Greenhouse,mgreenhousen1@geocities.com,102,21,A
2XYF6ONI,Chadd,Pendlebury,cpendleburyn2@msu.edu,102,9,A
JRTZB9WO,Laurie,Fortin,lfortinn3@simplemachines.org,103,9,B
LA7GPFCN,Consuela,Gittins,cgittinsn4@usda.gov,102,20,B
17VJ5OD3,Fonz,Burgyn,fburgynn5@newyorker.com,101,21,C
YIRN5LM2,Earle,McGeouch,emcgeouchn6@npr.org,101,15,C
VSOFH1IK,Karissa,Swapp,kswappn7@nbcnews.com,103,21,B
82UDV1GN,Ermina,Balbeck,ebalbeckn8@pagesperso-orange.fr,101,14,C
061ELBSO,Ulrich,O'Reilly,uoreillyn9@hc360.com,102,24,B
MSCOX473,Maegan,Caslin,mcaslinna@economist.com,101,22,A
CNG5QS0M,Bibbye,Mountfort,bmountfortnb@addtoany.com,102,24,B
FG2W6NSH,Robina,Alfonsini,ralfonsininc@amazon.de,103,6,A
JKAQO8SV,Tucker,Danaher,tdanahernd@oakley.com,101,4,B
OWZRSAG4,Oren,Broadbere,obroadberene@dot.gov,101,7,B
Q8BLEAKF,Farrell,Morgan,fmorgannf@soundcloud.com,102,2,C
GXAE1LSO,Jacquie,de'-Ancy Willis,jdeancywillisng@buzzfeed.com,103,17,B
ZW3HGLQU,Forest,Cicero,fciceronh@cyberchimps.com,101,15,A
FU9Y0DJB,Nance,Kilian,nkilianni@gov.uk,102,7,A
84GZT0NK,Cleve,Domico,cdomiconj@hhs.gov,103,2,C
78YNAQTP,Kristoffer,Parriss,kparrissnk@europa.eu,101,16,C
X7SQVMLA,Chickie,Gonnely,cgonnelynl@europa.eu,101,2,C
0YUGJW1H,Bartram,Diggar,bdiggarnm@vkontakte.ru,101,13,A
730YWBUR,Peadar,Guerra,pguerrann@princeton.edu,101,9,C
B6YE7LF4,Merlina,Nucciotti,mnucciottino@mozilla.com,103,6,C
IGCQV78S,Jeremie,Hickeringill,jhickeringillnp@state.gov,101,13,B
M23VO6D1,Howard,Lyenyng,hlyenyngnq@purevolume.com,101,18,C
LOFM4QUV,Cicely,Floweth,cflowethnr@stumbleupon.com,102,27,C
MVL1FSHD,Danie,Benion,dbenionns@dmoz.org,101,26,B
KQH8PW3Y,Orson,Shotter,oshotternt@indiatimes.com,103,22,A
G9PEUJBM,Homere,Lademann,hlademannnu@mayoclinic.com,102,14,B
M108J4NV,Keefer,Orteu,korteunv@reddit.com,101,4,A
QI43HPNA,Gwendolin,Walewski,gwalewskinw@quantcast.com,103,8,B
A0VD2Y6P,Dimitry,Crummey,dcrummeynx@reverbnation.com,103,7,B
N67Y8L9E,Augustine,Ghion,aghionny@un.org,102,27,C
IJ3KWTFY,Kahlil,MacGruer,kmacgruernz@themeforest.net,102,21,C
HPDRGZ86,Hilarius,Carine,hcarineo0@storify.com,102,15,A
R5WDC02V,Rainer,Breitler,rbreitlero1@printfriendly.com,101,25,B
JN98B1PT,Malena,Panas,mpanaso2@marketwatch.com,102,27,A
UH4KB9T2,Margarethe,Girardetti,mgirardettio3@addtoany.com,102,5,A
BUTPAYNO,Harman,Wewell,hwewello4@cbsnews.com,103,22,B
8A3TCP26,Ilene,Titmuss,ititmusso5@tripod.com,103,19,A
XA1J59ZG,Meryl,Founds,mfoundso6@imageshack.us,103,9,B
81TMG92W,Ennis,Overstall,eoverstallo7@google.cn,101,15,A
LDWTX5UH,Marve,Flicker,mflickero8@seattletimes.com,102,27,B
HUSWKPAZ,Farand,Sybry,fsybryo9@redcross.org,101,1,A
P14W8GLA,Clevey,Mell,cmelloa@ibm.com,101,5,A
HEPUQVLJ,Connie,Tunaclift,ctunacliftob@360.cn,101,19,B
8MGN4HI0,Rodd,Dawby,rdawbyoc@ovh.net,103,11,C
JB7P0OU6,Anders,Esberger,aesbergerod@studiopress.com,101,22,B
1VSKBRLI,Lesly,McKyrrelly,lmckyrrellyoe@economist.com,102,27,B
F5KCISDG,Beilul,Helix,bhelixof@goodreads.com,101,11,B
96CJ31XN,Berkley,Selliman,bsellimanog@adobe.com,102,16,B
83EYM6Q9,Kevyn,Cotton,kcottonoh@mail.ru,101,20,A
3UMQE08F,Basil,Seccombe,bseccombeoi@amazon.de,101,27,C
U6CE8RQ5,Nils,Still,nstilloj@house.gov,102,21,C
IYAG9TD6,Faina,Denisevich,fdenisevichok@icio.us,103,16,A
P934VU5G,Gabi,Rofe,grofeol@eventbrite.com,103,12,A
YUKDQSXN,Brennen,Di Batista,bdibatistaom@yellowpages.com,102,14,A
GSQFONIA,Ami,Benadette,abenadetteon@tripadvisor.com,103,16,B
XRDCJMGB,Anselma,Sibyllina,asibyllinaoo@xinhuanet.com,103,19,B
4ZVQS7WX,Lilian,Gerty,lgertyop@sphinn.com,102,15,B
F4KGA3W5,Cherise,Saer,csaeroq@gizmodo.com,102,19,B
RI8WXQTM,Caritta,Draper,cdraperor@myspace.com,101,27,A
PZIKXC14,Phebe,Brimmicombe,pbrimmicombeos@simplemachines.org,103,20,B
8AFGKDL2,Ahmad,Dun,adunot@cdbaby.com,101,7,C
KGIC3EL2,Iormina,Marrable,imarrableou@storify.com,102,10,C
CBLHDAMJ,Rozella,Spaldin,rspaldinov@furl.net,101,27,A
QS3FGXUA,Aili,Sporle,asporleow@jiathis.com,103,4,C
WK6CFLB1,Deloria,Merle,dmerleox@ebay.co.uk,102,8,B
MTGW8ZOX,Larisa,Houlahan,lhoulahanoy@youku.com,101,22,A
KS5WTRGC,Naomi,Kittow,nkittowoz@g.co,101,23,B
JE4FM9LO,Carling,Duggon,cduggonp0@webs.com,103,4,B
CHLSTIQ1,Hedy,Filippone,hfilipponep1@qq.com,101,21,C
JVFLX94C,Wilfred,Skeels,wskeelsp2@wikispaces.com,103,13,C
8GSJDCWN,Wendy,Masedon,wmasedonp3@furl.net,102,1,B
ERFUL6CI,Anjela,Weymouth,aweymouthp4@delicious.com,101,10,C
Z12RBPLA,Alaric,Blore,ablorep5@tumblr.com,102,22,B
TS4JCZPL,Serene,Nial,snialp6@diigo.com,101,10,B
GNDBC6SE,Gottfried,Acland,gaclandp7@earthlink.net,103,16,B
SMQEPG13,Emlyn,Martindale,emartindalep8@moonfruit.com,103,27,B
IMHD96OZ,Cassie,Verna,cvernap9@state.tx.us,102,8,C
CAOUK9HG,Nertie,Sawforde,nsawfordepa@vinaora.com,103,9,B
Y2WQA789,Maddalena,Nurden,mnurdenpb@bizjournals.com,103,13,C
CVFNXZGI,Joletta,Limpertz,jlimpertzpc@gov.uk,102,23,C
76XNF20Y,My,Esom,mesompd@desdev.cn,102,3,C
UJPYAVSG,Zena,Kettlesing,zkettlesingpe@patch.com,102,6,A
WVUKL68J,Mathilde,Strangward,mstrangwardpf@epa.gov,103,23,C
0XMHBA1F,Darill,Burkin,dburkinpg@hubpages.com,101,2,C
79EYUCXK,Sancho,Hollerin,shollerinph@nature.com,101,23,B
YL3HKCWR,Hilario,Myatt,hmyattpi@pbs.org,101,10,A
A86PCI59,Elisabet,Konneke,ekonnekepj@chicagotribune.com,103,9,C
KJ8D6P1G,Garland,Baily,gbailypk@virginia.edu,101,11,B
LMXTH3OI,Rossy,Boat,rboatpl@arstechnica.com,103,12,A
X2P9R7BL,Pooh,Tydd,ptyddpm@homestead.com,101,23,C
A3WXC2NV,Essie,Habgood,ehabgoodpn@ow.ly,101,25,B
Y08OSME5,Debee,Zimmermeister,dzimmermeisterpo@ehow.com,102,18,B
NCOX57QY,Demott,Lansdown,dlansdownpp@walmart.com,102,26,C
ED0A3GVL,Jervis,Roch,jrochpq@macromedia.com,103,16,A
XCKSU127,Trumann,Ainscow,tainscowpr@slate.com,101,4,A
GE4X8JCT,Maddy,Colhoun,mcolhounps@devhub.com,101,16,C
X5V72P1Q,Trevor,Miller,tmillerpt@hud.gov,102,26,A
7ELZYK1V,Pauli,Slowcock,pslowcockpu@hexun.com,103,13,A
6A5IVWFR,Alain,O'Garmen,aogarmenpv@sogou.com,101,27,A
SYQVU9HW,Dorey,Ludye,dludyepw@cdc.gov,103,18,B
YEUQCZK0,Celisse,Kilty,ckiltypx@stanford.edu,102,2,B
K41OHAFG,Brand,Armin,barminpy@dmoz.org,101,5,A
G2MDCHFE,Llywellyn,Brigge,lbriggepz@webeden.co.uk,102,23,B
YI2ESGRU,Jeremias,Lucien,jlucienq0@opensource.org,101,25,B
E4NRSQHV,Chen,MacNeil,cmacneilq1@ted.com,103,6,A
WEY63DJH,Kennett,Rudledge,krudledgeq2@slate.com,102,4,C
ZN7KL95B,Jenni,Size,jsizeq3@google.com.br,101,11,C
TPHZW5F1,Elbert,Olley,eolleyq4@netlog.com,103,15,B
62M4UAHN,Kassia,Crimpe,kcrimpeq5@drupal.org,102,18,C
43SP0VHR,Reuben,Santi,rsantiq6@europa.eu,103,1,B
7DI4NJTL,Colline,Acarson,cacarsonq7@state.tx.us,103,19,C
7249HBKY,Ximenez,Thurstance,xthurstanceq8@senate.gov,102,5,A
J4G8OBRF,Pancho,Form,pformq9@adobe.com,101,10,C
EKV0MD9R,Fons,Yeend,fyeendqa@cbsnews.com,103,25,A
KNZ0DOP9,Karl,Bellerby,kbellerbyqb@histats.com,102,24,A
BL8PUSZW,Sammy,Guiver,sguiverqc@xrea.com,102,9,A
VD1MLUFN,Natalina,Rainford,nrainfordqd@opera.com,101,2,C
ZF20RQVK,Bradan,Barnfather,bbarnfatherqe@hugedomains.com,103,20,C
9TI1PSQE,Marthe,Murrock,mmurrockqf@desdev.cn,102,11,C
SDFB7X1P,Dennis,Jakubovics,djakubovicsqg@liveinternet.ru,101,25,B
UPB5KD1T,Fanchon,Matous,fmatousqh@simplemachines.org,102,14,A
K1ZGVFWY,Imelda,Sackler,isacklerqi@godaddy.com,101,2,B
4CQJOHWU,Phillip,Poynton,ppoyntonqj@vimeo.com,101,7,A
YINWFC48,Morse,Looby,mloobyqk@typepad.com,103,6,B
IS6O7LYV,Benton,Keble,bkebleql@ftc.gov,102,21,B
9XS5J63W,Annalee,Verbeek,averbeekqm@pbs.org,102,11,A
02MITEOK,Cecil,Vaen,cvaenqn@xing.com,103,26,A
C621M4VK,Grenville,Golley,ggolleyqo@pinterest.com,101,2,A
TSYFNGQW,Dorothea,Diprose,ddiproseqp@dailymotion.com,102,25,C
8C7K3E45,Norman,Watterson,nwattersonqq@ftc.gov,102,1,B
KL0VM8WP,Tyrus,Langthorne,tlangthorneqr@ifeng.com,101,27,C
QZ078AUY,Niels,Heinrich,nheinrichqs@creativecommons.org,101,23,A
WZYECOHI,Veriee,Prandi,vprandiqt@t.co,103,23,A
U3LJE2YO,Lil,Mongain,lmongainqu@csmonitor.com,103,13,C
MRXVZYDB,Dido,Bulman,dbulmanqv@constantcontact.com,102,22,B
IO2DXYN9,Alexandre,Liddyard,aliddyardqw@technorati.com,101,3,C
3L8WF2YX,Athene,Penbarthy,apenbarthyqx@admin.ch,101,19,C
9LZXFRUA,Barrett,Geraud,bgeraudqy@booking.com,102,18,A
MGAQ6LE7,Gerick,O'Breen,gobreenqz@mit.edu,101,10,C
YICUWVJ3,Darren,Alaway,dalawayr0@rambler.ru,102,4,A
5CXO8W7A,Husein,Feldman,hfeldmanr1@yelp.com,103,5,C
LS0AER5C,Harriott,Nutkin,hnutkinr2@chron.com,101,16,C
3QVE5UB0,Theodoric,Klauer,tklauerr3@washingtonpost.com,103,26,A
PID6L1C5,Hewitt,Decent,hdecentr4@howstuffworks.com,102,4,B
NQV04LDA,Margalit,Peidro,mpeidror5@hexun.com,102,26,A
VRPQOA8D,Wylma,Yushmanov,wyushmanovr6@ed.gov,101,8,C
THZG57R9,Beverlee,Lorentzen,blorentzenr7@adobe.com,103,1,A
2T9LAM8C,Lief,Lamb-shine,llambshiner8@marriott.com,101,17,C
TSLOU7BZ,Fidelia,Pickersgill,fpickersgillr9@vkontakte.ru,103,20,C
NPJO65FX,Amity,Tender,atenderra@eepurl.com,103,14,B
EAF5T293,Chrissy,Kells,ckellsrb@ed.gov,101,1,A
VMQDY5ZC,Madelaine,Ratray,mratrayrc@wufoo.com,103,4,B
4GJIXYFK,Sylvia,Honnicott,shonnicottrd@ezinearticles.com,101,2,B
Q8D5KF1A,Manolo,Rippon,mripponre@dot.gov,102,1,B
CVZNETQ4,Carri,Keenlayside,ckeenlaysiderf@fotki.com,103,18,A
MS7LOVDT,Mart,Dumbleton,mdumbletonrg@cdbaby.com,103,24,A
SY2K3B17,Giovanni,Sturzaker,gsturzakerrh@bloglovin.com,101,21,A
NJTV8A29,Derward,Buckleigh,dbuckleighri@blogs.com,103,18,C
I3C1BVNF,Connie,Greder,cgrederrj@nationalgeographic.com,101,12,B
TXIV62BJ,Matilda,McGill,mmcgillrk@weather.com,101,15,A
EXCH27O9,Fredia,Pincott,fpincottrl@independent.co.uk,101,25,C
HX1MJUIG,Collie,Kunze,ckunzerm@shinystat.com,102,27,B
CUV3W6XG,Paddy,Richardin,prichardinrn@flavors.me,102,5,A
OZN2J3C8,Mignon,Sirey,msireyro@google.com,103,12,C
PUSOY8LI,Merle,O'Dowling,modowlingrp@free.fr,103,3,A
WD8RKVXH,Arman,Berre,aberrerq@studiopress.com,103,18,B
DYV9A6GN,Cale,McCrie,cmccrierr@va.gov,103,20,B
